{
	"Version": 3,
	"Meta": {
		"Duration": 4.633,
		"Fps": 30.0,
		"Loop": true,
		"AreBeziersRestricted": true,
		"CurveCount": 65,
		"TotalSegmentCount": 223,
		"TotalPointCount": 564,
		"UserDataCount": 0,
		"TotalUserDataSize": 0
	},
	"Curves": [
		{
			"Target": "Model",
			"Id": "Opacity",
			"Segments": [
				0,
				1,
				1,
				1.533,
				1,
				3.067,
				1,
				4.6,
				1,
				0,
				4.633,
				1
			]
		},
		{
			"Target": "Model",
			"Id": "EyeBlink",
			"Segments": [
				0,
				1,
				0,
				4.633,
				1
			]
		},
		{
			"Target": "Model",
			"Id": "LipSync",
			"Segments": [
				0,
				0,
				0,
				4.633,
				0
			]
		},
		{
			"Target": "Parameter",
			"Id": "ParamAngleX",
			"Segments": [
				0,
				0,
				1,
				0.344,
				0,
				0.689,
				0,
				1.033,
				0,
				1,
				1.089,
				0,
				1.144,
				0,
				1.2,
				0,
				1,
				1.622,
				0,
				2.044,
				0,
				2.467,
				0,
				1,
				2.578,
				0,
				2.689,
				0,
				2.8,
				0,
				1,
				2.911,
				0,
				3.022,
				0,
				3.133,
				0,
				1,
				3.233,
				0,
				3.333,
				0,
				3.433,
				0,
				1,
				3.544,
				0,
				3.656,
				0,
				3.767,
				0,
				1,
				3.856,
				0,
				3.944,
				0,
				4.033,
				0,
				1,
				4.222,
				0,
				4.411,
				0,
				4.6,
				0,
				0,
				4.633,
				0
			]
		},
		{
			"Target": "Parameter",
			"Id": "ParamAngleY",
			"Segments": [
				0,
				0,
				1,
				0.344,
				0,
				0.689,
				0,
				1.033,
				0,
				1,
				1.089,
				0,
				1.144,
				0,
				1.2,
				0,
				1,
				1.622,
				0,
				2.044,
				0,
				2.467,
				0,
				1,
				2.578,
				0,
				2.689,
				13,
				2.8,
				13,
				1,
				2.911,
				13,
				3.022,
				-13,
				3.133,
				-13,
				1,
				3.233,
				-13,
				3.333,
				0,
				3.433,
				0,
				1,
				3.544,
				0,
				3.656,
				-13,
				3.767,
				-13,
				1,
				3.856,
				-13,
				3.944,
				0,
				4.033,
				0,
				1,
				4.222,
				0,
				4.411,
				0,
				4.6,
				0,
				0,
				4.633,
				0
			]
		},
		{
			"Target": "Parameter",
			"Id": "ParamAngleZ",
			"Segments": [
				0,
				0,
				1,
				1.533,
				0,
				3.067,
				0,
				4.6,
				0,
				0,
				4.633,
				0
			]
		},
		{
			"Target": "Parameter",
			"Id": "ParamTere",
			"Segments": [
				0,
				0,
				1,
				1.533,
				0,
				3.067,
				0,
				4.6,
				0,
				0,
				4.633,
				0
			]
		},
		{
			"Target": "Parameter",
			"Id": "ParamFaceForm",
			"Segments": [
				0,
				0,
				1,
				1.533,
				0,
				3.067,
				0,
				4.6,
				0,
				0,
				4.633,
				0
			]
		},
		{
			"Target": "Parameter",
			"Id": "ParamEyeLOpen",
			"Segments": [
				0,
				0.8,
				1,
				0.133,
				0.8,
				0.267,
				0.8,
				0.4,
				0.8,
				1,
				0.578,
				0.8,
				0.756,
				0.9,
				0.933,
				0.9,
				1,
				1.067,
				0.9,
				1.2,
				0.8,
				1.333,
				0.8,
				1,
				1.422,
				0.8,
				1.511,
				0.8,
				1.6,
				0.8,
				1,
				1.678,
				0.8,
				1.756,
				1,
				1.833,
				1,
				1,
				1.889,
				1,
				1.944,
				0,
				2,
				0,
				1,
				2.056,
				0,
				2.111,
				0,
				2.167,
				0,
				1,
				2.256,
				0,
				2.344,
				1,
				2.433,
				1,
				1,
				2.589,
				1,
				2.744,
				1,
				2.9,
				1,
				1,
				2.956,
				1,
				3.011,
				0,
				3.067,
				0,
				1,
				3.4,
				0,
				3.733,
				0,
				4.067,
				0,
				1,
				4.2,
				0,
				4.333,
				0.8,
				4.467,
				0.8,
				1,
				4.511,
				0.8,
				4.556,
				0.8,
				4.6,
				0.8,
				0,
				4.633,
				0.8
			]
		},
		{
			"Target": "Parameter",
			"Id": "ParamEyeLSmile",
			"Segments": [
				0,
				0,
				1,
				1.533,
				0,
				3.067,
				0,
				4.6,
				0,
				0,
				4.633,
				0
			]
		},
		{
			"Target": "Parameter",
			"Id": "ParamEyeROpen",
			"Segments": [
				0,
				0.8,
				1,
				0.133,
				0.8,
				0.267,
				0.8,
				0.4,
				0.8,
				1,
				0.567,
				0.8,
				0.733,
				0.9,
				0.9,
				0.9,
				1,
				1.044,
				0.9,
				1.189,
				0.8,
				1.333,
				0.8,
				1,
				1.422,
				0.8,
				1.511,
				0.8,
				1.6,
				0.8,
				1,
				1.678,
				0.8,
				1.756,
				1,
				1.833,
				1,
				1,
				1.889,
				1,
				1.944,
				0,
				2,
				0,
				1,
				2.056,
				0,
				2.111,
				0,
				2.167,
				0,
				1,
				2.256,
				0,
				2.344,
				1,
				2.433,
				1,
				1,
				2.589,
				1,
				2.744,
				1,
				2.9,
				1,
				1,
				2.956,
				1,
				3.011,
				0,
				3.067,
				0,
				1,
				3.4,
				0,
				3.733,
				0,
				4.067,
				0,
				1,
				4.2,
				0,
				4.333,
				0.8,
				4.467,
				0.8,
				1,
				4.511,
				0.8,
				4.556,
				0.8,
				4.6,
				0.8,
				0,
				4.633,
				0.8
			]
		},
		{
			"Target": "Parameter",
			"Id": "ParamEyeRSmile",
			"Segments": [
				0,
				0,
				1,
				1.533,
				0,
				3.067,
				0,
				4.6,
				0,
				0,
				4.633,
				0
			]
		},
		{
			"Target": "Parameter",
			"Id": "ParamEyeForm",
			"Segments": [
				0,
				0,
				1,
				1.533,
				0,
				3.067,
				0,
				4.6,
				0,
				0,
				4.633,
				0
			]
		},
		{
			"Target": "Parameter",
			"Id": "ParamEyeBallForm",
			"Segments": [
				0,
				0,
				1,
				1.533,
				0,
				3.067,
				0,
				4.6,
				0,
				0,
				4.633,
				0
			]
		},
		{
			"Target": "Parameter",
			"Id": "ParamTear",
			"Segments": [
				0,
				0,
				1,
				1.533,
				0,
				3.067,
				0,
				4.6,
				0,
				0,
				4.633,
				0
			]
		},
		{
			"Target": "Parameter",
			"Id": "ParamEyeBallX",
			"Segments": [
				0,
				0,
				1,
				0.467,
				0,
				0.933,
				0,
				1.4,
				0,
				1,
				1.522,
				0,
				1.644,
				-0.1,
				1.767,
				-0.1,
				1,
				1.889,
				-0.1,
				2.011,
				0,
				2.133,
				0,
				1,
				2.956,
				0,
				3.778,
				0,
				4.6,
				0,
				0,
				4.633,
				0
			]
		},
		{
			"Target": "Parameter",
			"Id": "ParamEyeBallY",
			"Segments": [
				0,
				0,
				1,
				0.467,
				0,
				0.933,
				0,
				1.4,
				0,
				1,
				1.522,
				0,
				1.644,
				-0.38,
				1.767,
				-0.38,
				1,
				1.889,
				-0.38,
				2.011,
				0,
				2.133,
				0,
				1,
				2.956,
				0,
				3.778,
				0,
				4.6,
				0,
				0,
				4.633,
				0
			]
		},
		{
			"Target": "Parameter",
			"Id": "ParamBrowLY",
			"Segments": [
				0,
				0,
				1,
				0.3,
				0,
				0.6,
				0,
				0.9,
				0,
				1,
				2.133,
				0,
				3.367,
				0,
				4.6,
				0,
				0,
				4.633,
				0
			]
		},
		{
			"Target": "Parameter",
			"Id": "ParamBrowRY",
			"Segments": [
				0,
				0,
				1,
				0.3,
				0,
				0.6,
				0,
				0.9,
				0,
				1,
				2.133,
				0,
				3.367,
				0,
				4.6,
				0,
				0,
				4.633,
				0
			]
		},
		{
			"Target": "Parameter",
			"Id": "ParamBrowLX",
			"Segments": [
				0,
				0,
				1,
				0.3,
				0,
				0.6,
				0,
				0.9,
				0,
				1,
				2.133,
				0,
				3.367,
				0,
				4.6,
				0,
				0,
				4.633,
				0
			]
		},
		{
			"Target": "Parameter",
			"Id": "ParamBrowRX",
			"Segments": [
				0,
				0,
				1,
				0.3,
				0,
				0.6,
				0,
				0.9,
				0,
				1,
				2.133,
				0,
				3.367,
				0,
				4.6,
				0,
				0,
				4.633,
				0
			]
		},
		{
			"Target": "Parameter",
			"Id": "ParamBrowLAngle",
			"Segments": [
				0,
				0,
				1,
				0.3,
				0,
				0.6,
				0,
				0.9,
				0,
				1,
				1.044,
				0,
				1.189,
				0.01,
				1.333,
				0.01,
				1,
				2.211,
				0.01,
				3.089,
				0.01,
				3.967,
				0.01,
				1,
				4.178,
				0.01,
				4.389,
				0.01,
				4.6,
				0.01,
				0,
				4.633,
				0.01
			]
		},
		{
			"Target": "Parameter",
			"Id": "ParamBrowRAngle",
			"Segments": [
				0,
				0,
				1,
				0.3,
				0,
				0.6,
				0,
				0.9,
				0,
				1,
				1.044,
				0,
				1.189,
				0,
				1.333,
				0,
				1,
				2.211,
				0,
				3.089,
				0,
				3.967,
				0,
				1,
				4.178,
				0,
				4.389,
				0,
				4.6,
				0,
				0,
				4.633,
				0
			]
		},
		{
			"Target": "Parameter",
			"Id": "ParamBrowLForm",
			"Segments": [
				0,
				-0.35,
				1,
				0.3,
				-0.35,
				0.6,
				-0.35,
				0.9,
				-0.35,
				1,
				1.044,
				-0.35,
				1.189,
				-0.66,
				1.333,
				-0.66,
				1,
				2.211,
				-0.66,
				3.089,
				-0.66,
				3.967,
				-0.66,
				1,
				4.178,
				-0.66,
				4.389,
				-0.39,
				4.6,
				-0.39,
				0,
				4.633,
				-0.39
			]
		},
		{
			"Target": "Parameter",
			"Id": "ParamBrowRForm",
			"Segments": [
				0,
				-0.35,
				1,
				0.3,
				-0.35,
				0.6,
				-0.35,
				0.9,
				-0.35,
				1,
				1.044,
				-0.35,
				1.189,
				-0.65,
				1.333,
				-0.65,
				1,
				2.211,
				-0.65,
				3.089,
				-0.65,
				3.967,
				-0.65,
				1,
				4.178,
				-0.65,
				4.389,
				-0.39,
				4.6,
				-0.39,
				0,
				4.633,
				-0.39
			]
		},
		{
			"Target": "Parameter",
			"Id": "ParamMouthForm",
			"Segments": [
				0,
				0,
				1,
				0.3,
				0,
				0.6,
				0,
				0.9,
				0,
				1,
				1.044,
				0,
				1.189,
				-1,
				1.333,
				-1,
				1,
				1.756,
				-1,
				2.178,
				-1,
				2.6,
				-1,
				1,
				3.267,
				-1,
				3.933,
				0,
				4.6,
				0,
				0,
				4.633,
				0
			]
		},
		{
			"Target": "Parameter",
			"Id": "ParamMouthOpenY",
			"Segments": [
				0,
				0,
				1,
				1.533,
				0,
				3.067,
				0,
				4.6,
				0,
				0,
				4.633,
				0
			]
		},
		{
			"Target": "Parameter",
			"Id": "ParamScarf",
			"Segments": [
				0,
				0,
				1,
				1.533,
				0,
				3.067,
				0,
				4.6,
				0,
				0,
				4.633,
				0
			]
		},
		{
			"Target": "Parameter",
			"Id": "ParamBodyAngleX",
			"Segments": [
				0,
				0,
				1,
				0.356,
				0,
				0.711,
				0,
				1.067,
				0,
				1,
				1.3,
				0,
				1.533,
				2,
				1.767,
				2,
				1,
				1.933,
				2,
				2.1,
				0,
				2.267,
				0,
				1,
				2.578,
				0,
				2.889,
				0,
				3.2,
				0,
				1,
				3.667,
				0,
				4.133,
				0,
				4.6,
				0,
				0,
				4.633,
				0
			]
		},
		{
			"Target": "Parameter",
			"Id": "ParamBodyAngleY",
			"Segments": [
				0,
				0,
				1,
				0.333,
				0,
				0.667,
				0,
				1,
				0,
				1,
				1.233,
				0,
				1.467,
				3,
				1.7,
				3,
				1,
				1.867,
				3,
				2.033,
				0,
				2.2,
				0,
				1,
				2.311,
				0,
				2.422,
				0,
				2.533,
				0,
				1,
				2.644,
				0,
				2.756,
				4,
				2.867,
				4,
				1,
				2.944,
				4,
				3.022,
				-1,
				3.1,
				-1,
				1,
				3.244,
				-1,
				3.389,
				0,
				3.533,
				0,
				1,
				3.889,
				0,
				4.244,
				0,
				4.6,
				0,
				0,
				4.633,
				0
			]
		},
		{
			"Target": "Parameter",
			"Id": "ParamBodyAngleZ",
			"Segments": [
				0,
				0,
				1,
				0.3,
				0,
				0.6,
				-5,
				0.9,
				-5,
				1,
				1.133,
				-5,
				1.367,
				0,
				1.6,
				0,
				1,
				2.389,
				0,
				3.178,
				0,
				3.967,
				0,
				1,
				4.178,
				0,
				4.389,
				0,
				4.6,
				0,
				0,
				4.633,
				0
			]
		},
		{
			"Target": "Parameter",
			"Id": "ParamBodyUpper",
			"Segments": [
				0,
				0,
				1,
				1.533,
				0,
				3.067,
				0,
				4.6,
				0,
				0,
				4.633,
				0
			]
		},
		{
			"Target": "Parameter",
			"Id": "ParamBreath",
			"Segments": [
				0,
				0,
				1,
				1.533,
				0,
				3.067,
				0,
				4.6,
				0,
				0,
				4.633,
				0
			]
		},
		{
			"Target": "Parameter",
			"Id": "ParamBustY",
			"Segments": [
				0,
				0,
				1,
				1.533,
				0,
				3.067,
				0,
				4.6,
				0,
				0,
				4.633,
				0
			]
		},
		{
			"Target": "Parameter",
			"Id": "ParamArmLA",
			"Segments": [
				0,
				0.5,
				1,
				0.156,
				0.5,
				0.311,
				0.749,
				0.467,
				0.76,
				1,
				1.778,
				0.856,
				3.089,
				0.89,
				4.4,
				0.89,
				1,
				4.467,
				0.89,
				4.533,
				0.5,
				4.6,
				0.5,
				0,
				4.633,
				0.5
			]
		},
		{
			"Target": "Parameter",
			"Id": "ParamArmRA",
			"Segments": [
				0,
				0.5,
				1,
				0.156,
				0.5,
				0.311,
				0.743,
				0.467,
				0.76,
				1,
				1.778,
				0.9,
				3.089,
				0.95,
				4.4,
				0.95,
				1,
				4.467,
				0.95,
				4.533,
				0.5,
				4.6,
				0.5,
				0,
				4.633,
				0.5
			]
		},
		{
			"Target": "Parameter",
			"Id": "ParamArmLB",
			"Segments": [
				0,
				0.3,
				1,
				0.311,
				0.3,
				0.622,
				0.3,
				0.933,
				0.3,
				1,
				1.178,
				0.3,
				1.422,
				0.5,
				1.667,
				0.5,
				1,
				1.844,
				0.5,
				2.022,
				0.3,
				2.2,
				0.3,
				1,
				3,
				0.3,
				3.8,
				0.3,
				4.6,
				0.3,
				0,
				4.633,
				0.3
			]
		},
		{
			"Target": "Parameter",
			"Id": "ParamArmRB",
			"Segments": [
				0,
				0.3,
				1,
				0.289,
				0.3,
				0.578,
				0.3,
				0.867,
				0.3,
				1,
				1.111,
				0.3,
				1.356,
				0.5,
				1.6,
				0.5,
				1,
				1.778,
				0.5,
				1.956,
				0.3,
				2.133,
				0.3,
				1,
				2.956,
				0.3,
				3.778,
				0.3,
				4.6,
				0.3,
				0,
				4.633,
				0.3
			]
		},
		{
			"Target": "Parameter",
			"Id": "ParamHandChangeR",
			"Segments": [
				0,
				0,
				1,
				1.533,
				0,
				3.067,
				0,
				4.6,
				0,
				0,
				4.633,
				0
			]
		},
		{
			"Target": "Parameter",
			"Id": "ParamHandAngleR",
			"Segments": [
				0,
				0.66,
				1,
				0.356,
				0.66,
				0.711,
				0.662,
				1.067,
				0.64,
				1,
				1.322,
				0.624,
				1.578,
				0.12,
				1.833,
				0.12,
				1,
				1.978,
				0.12,
				2.122,
				0.66,
				2.267,
				0.66,
				1,
				3.044,
				0.66,
				3.822,
				0.66,
				4.6,
				0.66,
				0,
				4.633,
				0.66
			]
		},
		{
			"Target": "Parameter",
			"Id": "ParamHandDhangeL",
			"Segments": [
				0,
				0,
				1,
				1.533,
				0,
				3.067,
				0,
				4.6,
				0,
				0,
				4.633,
				0
			]
		},
		{
			"Target": "Parameter",
			"Id": "ParamHandAngleL",
			"Segments": [
				0,
				-1,
				1,
				0.322,
				-1,
				0.644,
				-1,
				0.967,
				-1,
				1,
				1.233,
				-1,
				1.5,
				-0.68,
				1.767,
				-0.68,
				1,
				1.933,
				-0.68,
				2.1,
				-1,
				2.267,
				-1,
				1,
				3.044,
				-1,
				3.822,
				-1,
				4.6,
				-1,
				0,
				4.633,
				-1
			]
		},
		{
			"Target": "Parameter",
			"Id": "ParamHairFront",
			"Segments": [
				0,
				0,
				1,
				1.533,
				0,
				3.067,
				0,
				4.6,
				0,
				0,
				4.633,
				0
			]
		},
		{
			"Target": "Parameter",
			"Id": "ParamHairSide",
			"Segments": [
				0,
				0,
				1,
				1.533,
				0,
				3.067,
				0,
				4.6,
				0,
				0,
				4.633,
				0
			]
		},
		{
			"Target": "Parameter",
			"Id": "ParamHairBack",
			"Segments": [
				0,
				0,
				1,
				1.533,
				0,
				3.067,
				0,
				4.6,
				0,
				0,
				4.633,
				0
			]
		},
		{
			"Target": "PartOpacity",
			"Id": "Part01Core",
			"Segments": [
				0,
				1,
				2,
				4.6,
				1,
				0,
				4.633,
				1
			]
		},
		{
			"Target": "PartOpacity",
			"Id": "Part01Hoho001",
			"Segments": [
				0,
				1,
				2,
				4.6,
				1,
				0,
				4.633,
				1
			]
		},
		{
			"Target": "PartOpacity",
			"Id": "Part01Brow001",
			"Segments": [
				0,
				1,
				2,
				4.6,
				1,
				0,
				4.633,
				1
			]
		},
		{
			"Target": "PartOpacity",
			"Id": "Part01Tear",
			"Segments": [
				0,
				1,
				2,
				4.6,
				1,
				0,
				4.633,
				1
			]
		},
		{
			"Target": "PartOpacity",
			"Id": "Part01EyeBall001",
			"Segments": [
				0,
				1,
				2,
				4.6,
				1,
				0,
				4.633,
				1
			]
		},
		{
			"Target": "PartOpacity",
			"Id": "Part01Eye001",
			"Segments": [
				0,
				1,
				2,
				4.6,
				1,
				0,
				4.633,
				1
			]
		},
		{
			"Target": "PartOpacity",
			"Id": "Part01Nose001",
			"Segments": [
				0,
				1,
				2,
				4.6,
				1,
				0,
				4.633,
				1
			]
		},
		{
			"Target": "PartOpacity",
			"Id": "Part01Mouth001",
			"Segments": [
				0,
				1,
				2,
				4.6,
				1,
				0,
				4.633,
				1
			]
		},
		{
			"Target": "PartOpacity",
			"Id": "Part01Face001",
			"Segments": [
				0,
				1,
				2,
				4.6,
				1,
				0,
				4.633,
				1
			]
		},
		{
			"Target": "PartOpacity",
			"Id": "Part01Ear001",
			"Segments": [
				0,
				1,
				2,
				4.6,
				1,
				0,
				4.633,
				1
			]
		},
		{
			"Target": "PartOpacity",
			"Id": "Part01Neck001",
			"Segments": [
				0,
				1,
				2,
				4.6,
				1,
				0,
				4.633,
				1
			]
		},
		{
			"Target": "PartOpacity",
			"Id": "Part01HairFront001",
			"Segments": [
				0,
				1,
				2,
				4.6,
				1,
				0,
				4.633,
				1
			]
		},
		{
			"Target": "PartOpacity",
			"Id": "Part01HairSide001",
			"Segments": [
				0,
				1,
				2,
				4.6,
				1,
				0,
				4.633,
				1
			]
		},
		{
			"Target": "PartOpacity",
			"Id": "Part01HairBack001",
			"Segments": [
				0,
				1,
				2,
				4.6,
				1,
				0,
				4.633,
				1
			]
		},
		{
			"Target": "PartOpacity",
			"Id": "Part01ArmRB001",
			"Segments": [
				0,
				1,
				2,
				4.6,
				1,
				0,
				4.633,
				1
			]
		},
		{
			"Target": "PartOpacity",
			"Id": "Part01ArmLB001",
			"Segments": [
				0,
				1,
				2,
				4.6,
				1,
				0,
				4.633,
				1
			]
		},
		{
			"Target": "PartOpacity",
			"Id": "Part01ArmRA001",
			"Segments": [
				0,
				0,
				2,
				4.6,
				0,
				0,
				4.633,
				0
			]
		},
		{
			"Target": "PartOpacity",
			"Id": "Part01ArmLA001",
			"Segments": [
				0,
				0,
				2,
				4.6,
				0,
				0,
				4.633,
				0
			]
		},
		{
			"Target": "PartOpacity",
			"Id": "Part01Body001",
			"Segments": [
				0,
				1,
				2,
				4.6,
				1,
				0,
				4.633,
				1
			]
		},
		{
			"Target": "PartOpacity",
			"Id": "Part01Sketch",
			"Segments": [
				0,
				0,
				2,
				4.6,
				0,
				0,
				4.633,
				0
			]
		}
	]
}