{
	"Version": 3,
	"Meta": {
		"Duration": 2.533,
		"Fps": 30.0,
		"Loop": true,
		"AreBeziersRestricted": true,
		"CurveCount": 65,
		"TotalSegmentCount": 137,
		"TotalPointCount": 306,
		"UserDataCount": 0,
		"TotalUserDataSize": 0
	},
	"Curves": [
		{
			"Target": "Model",
			"Id": "Opacity",
			"Segments": [
				0,
				1,
				1,
				0.833,
				1,
				1.667,
				1,
				2.5,
				1,
				0,
				2.533,
				1
			]
		},
		{
			"Target": "Model",
			"Id": "EyeBlink",
			"Segments": [
				0,
				1,
				0,
				2.533,
				1
			]
		},
		{
			"Target": "Model",
			"Id": "LipSync",
			"Segments": [
				0,
				0,
				0,
				2.533,
				0
			]
		},
		{
			"Target": "Parameter",
			"Id": "ParamAngleX",
			"Segments": [
				0,
				0,
				1,
				0.156,
				0,
				0.311,
				0,
				0.467,
				0,
				1,
				0.533,
				0,
				0.6,
				0,
				0.667,
				0,
				1,
				0.878,
				0,
				1.089,
				0,
				1.3,
				0,
				1,
				1.378,
				0,
				1.456,
				0,
				1.533,
				0,
				0,
				2.533,
				0
			]
		},
		{
			"Target": "Parameter",
			"Id": "ParamAngleY",
			"Segments": [
				0,
				0,
				1,
				0.156,
				0,
				0.311,
				0,
				0.467,
				0,
				1,
				0.5,
				0,
				0.533,
				-1,
				0.567,
				-1,
				1,
				0.689,
				-1,
				0.811,
				11,
				0.933,
				11,
				1,
				1.056,
				11,
				1.178,
				-11,
				1.3,
				-11,
				1,
				1.378,
				-11,
				1.456,
				1,
				1.533,
				1,
				1,
				1.656,
				1,
				1.778,
				0,
				1.9,
				0,
				0,
				2.533,
				0
			]
		},
		{
			"Target": "Parameter",
			"Id": "ParamAngleZ",
			"Segments": [
				0,
				0,
				1,
				0.189,
				0,
				0.378,
				0,
				0.567,
				0,
				1,
				0.678,
				0,
				0.789,
				-6,
				0.9,
				-6,
				1,
				1.011,
				-6,
				1.122,
				19,
				1.233,
				19,
				1,
				1.4,
				19,
				1.567,
				17,
				1.733,
				17,
				0,
				2.533,
				17
			]
		},
		{
			"Target": "Parameter",
			"Id": "ParamTere",
			"Segments": [
				0,
				0,
				0,
				2.533,
				0
			]
		},
		{
			"Target": "Parameter",
			"Id": "ParamFaceForm",
			"Segments": [
				0,
				0,
				0,
				2.533,
				0
			]
		},
		{
			"Target": "Parameter",
			"Id": "ParamEyeLOpen",
			"Segments": [
				0,
				2,
				1,
				0.544,
				2,
				1.089,
				2,
				1.633,
				2,
				1,
				1.667,
				2,
				1.7,
				0,
				1.733,
				0,
				1,
				1.756,
				0,
				1.778,
				0,
				1.8,
				0,
				1,
				1.822,
				0,
				1.844,
				2,
				1.867,
				2,
				1,
				1.9,
				2,
				1.933,
				0,
				1.967,
				0,
				1,
				2.011,
				0,
				2.056,
				0,
				2.1,
				0,
				1,
				2.144,
				0,
				2.189,
				2,
				2.233,
				2,
				0,
				2.533,
				2
			]
		},
		{
			"Target": "Parameter",
			"Id": "ParamEyeLSmile",
			"Segments": [
				0,
				0,
				0,
				2.533,
				0
			]
		},
		{
			"Target": "Parameter",
			"Id": "ParamEyeROpen",
			"Segments": [
				0,
				2,
				1,
				0.544,
				2,
				1.089,
				2,
				1.633,
				2,
				1,
				1.667,
				2,
				1.7,
				0,
				1.733,
				0,
				1,
				1.756,
				0,
				1.778,
				0,
				1.8,
				0,
				1,
				1.822,
				0,
				1.844,
				2,
				1.867,
				2,
				1,
				1.9,
				2,
				1.933,
				0,
				1.967,
				0,
				1,
				2.011,
				0,
				2.056,
				0,
				2.1,
				0,
				1,
				2.144,
				0,
				2.189,
				2,
				2.233,
				2,
				0,
				2.533,
				2
			]
		},
		{
			"Target": "Parameter",
			"Id": "ParamEyeRSmile",
			"Segments": [
				0,
				0,
				0,
				2.533,
				0
			]
		},
		{
			"Target": "Parameter",
			"Id": "ParamEyeForm",
			"Segments": [
				0,
				0,
				0,
				2.533,
				0
			]
		},
		{
			"Target": "Parameter",
			"Id": "ParamEyeBallForm",
			"Segments": [
				0,
				0,
				0,
				2.533,
				0
			]
		},
		{
			"Target": "Parameter",
			"Id": "ParamTear",
			"Segments": [
				0,
				0,
				0,
				2.533,
				0
			]
		},
		{
			"Target": "Parameter",
			"Id": "ParamEyeBallX",
			"Segments": [
				0,
				0,
				1,
				0.411,
				0,
				0.822,
				0.1,
				1.233,
				0.1,
				0,
				2.533,
				0.1
			]
		},
		{
			"Target": "Parameter",
			"Id": "ParamEyeBallY",
			"Segments": [
				0,
				0,
				1,
				0.411,
				0,
				0.822,
				0.4,
				1.233,
				0.4,
				0,
				2.533,
				0.4
			]
		},
		{
			"Target": "Parameter",
			"Id": "ParamBrowLY",
			"Segments": [
				0,
				1,
				0,
				2.533,
				1
			]
		},
		{
			"Target": "Parameter",
			"Id": "ParamBrowRY",
			"Segments": [
				0,
				1,
				0,
				2.533,
				1
			]
		},
		{
			"Target": "Parameter",
			"Id": "ParamBrowLX",
			"Segments": [
				0,
				0,
				0,
				2.533,
				0
			]
		},
		{
			"Target": "Parameter",
			"Id": "ParamBrowRX",
			"Segments": [
				0,
				0,
				0,
				2.533,
				0
			]
		},
		{
			"Target": "Parameter",
			"Id": "ParamBrowLAngle",
			"Segments": [
				0,
				0,
				0,
				2.533,
				0
			]
		},
		{
			"Target": "Parameter",
			"Id": "ParamBrowRAngle",
			"Segments": [
				0,
				0,
				0,
				2.533,
				0
			]
		},
		{
			"Target": "Parameter",
			"Id": "ParamBrowLForm",
			"Segments": [
				0,
				0,
				0,
				2.533,
				0
			]
		},
		{
			"Target": "Parameter",
			"Id": "ParamBrowRForm",
			"Segments": [
				0,
				0,
				0,
				2.533,
				0
			]
		},
		{
			"Target": "Parameter",
			"Id": "ParamMouthForm",
			"Segments": [
				0,
				-0.84,
				0,
				2.533,
				-0.84
			]
		},
		{
			"Target": "Parameter",
			"Id": "ParamMouthOpenY",
			"Segments": [
				0,
				0,
				0,
				2.533,
				0
			]
		},
		{
			"Target": "Parameter",
			"Id": "ParamScarf",
			"Segments": [
				0,
				0,
				0,
				2.533,
				0
			]
		},
		{
			"Target": "Parameter",
			"Id": "ParamBodyAngleX",
			"Segments": [
				0,
				0,
				0,
				2.533,
				0
			]
		},
		{
			"Target": "Parameter",
			"Id": "ParamBodyAngleY",
			"Segments": [
				0,
				0,
				1,
				0.189,
				0,
				0.378,
				0,
				0.567,
				0,
				1,
				0.678,
				0,
				0.789,
				5,
				0.9,
				5,
				1,
				1.011,
				5,
				1.122,
				0,
				1.233,
				0,
				0,
				2.533,
				0
			]
		},
		{
			"Target": "Parameter",
			"Id": "ParamBodyAngleZ",
			"Segments": [
				0,
				0,
				1,
				0.189,
				0,
				0.378,
				0,
				0.567,
				0,
				1,
				0.678,
				0,
				0.789,
				-1,
				0.9,
				-1,
				1,
				1.011,
				-1,
				1.122,
				6,
				1.233,
				6,
				0,
				2.533,
				6
			]
		},
		{
			"Target": "Parameter",
			"Id": "ParamBodyUpper",
			"Segments": [
				0,
				0,
				1,
				0.189,
				0,
				0.378,
				0,
				0.567,
				0,
				1,
				0.678,
				0,
				0.789,
				-2,
				0.9,
				-2,
				1,
				1.011,
				-2,
				1.122,
				9,
				1.233,
				9,
				0,
				2.533,
				9
			]
		},
		{
			"Target": "Parameter",
			"Id": "ParamBreath",
			"Segments": [
				0,
				0,
				0,
				2.533,
				0
			]
		},
		{
			"Target": "Parameter",
			"Id": "ParamBustY",
			"Segments": [
				0,
				0,
				0,
				2.533,
				0
			]
		},
		{
			"Target": "Parameter",
			"Id": "ParamArmLA",
			"Segments": [
				0,
				-0.16,
				1,
				0.211,
				-0.16,
				0.422,
				-0.16,
				0.633,
				-0.16,
				1,
				0.789,
				-0.16,
				0.944,
				0,
				1.1,
				0,
				1,
				1.189,
				0,
				1.278,
				-0.16,
				1.367,
				-0.16,
				0,
				2.533,
				-0.16
			]
		},
		{
			"Target": "Parameter",
			"Id": "ParamArmRA",
			"Segments": [
				0,
				-0.15,
				1,
				0.211,
				-0.15,
				0.422,
				-0.15,
				0.633,
				-0.15,
				1,
				0.789,
				-0.15,
				0.944,
				0,
				1.1,
				0,
				1,
				1.189,
				0,
				1.278,
				-0.15,
				1.367,
				-0.15,
				0,
				2.533,
				-0.15
			]
		},
		{
			"Target": "Parameter",
			"Id": "ParamArmLB",
			"Segments": [
				0,
				0,
				0,
				2.533,
				0
			]
		},
		{
			"Target": "Parameter",
			"Id": "ParamArmRB",
			"Segments": [
				0,
				0,
				0,
				2.533,
				0
			]
		},
		{
			"Target": "Parameter",
			"Id": "ParamHandChangeR",
			"Segments": [
				0,
				0,
				0,
				2.533,
				0
			]
		},
		{
			"Target": "Parameter",
			"Id": "ParamHandAngleR",
			"Segments": [
				0,
				0,
				1,
				0.267,
				0,
				0.533,
				0,
				0.8,
				0,
				1,
				0.911,
				0,
				1.022,
				-0.53,
				1.133,
				-0.53,
				1,
				1.233,
				-0.53,
				1.333,
				0,
				1.433,
				0,
				0,
				2.533,
				0
			]
		},
		{
			"Target": "Parameter",
			"Id": "ParamHandDhangeL",
			"Segments": [
				0,
				0,
				0,
				2.533,
				0
			]
		},
		{
			"Target": "Parameter",
			"Id": "ParamHandAngleL",
			"Segments": [
				0,
				0,
				1,
				0.267,
				0,
				0.533,
				0,
				0.8,
				0,
				1,
				0.911,
				0,
				1.022,
				0.54,
				1.133,
				0.54,
				1,
				1.233,
				0.54,
				1.333,
				0,
				1.433,
				0,
				0,
				2.533,
				0
			]
		},
		{
			"Target": "Parameter",
			"Id": "ParamHairFront",
			"Segments": [
				0,
				0,
				0,
				2.533,
				0
			]
		},
		{
			"Target": "Parameter",
			"Id": "ParamHairSide",
			"Segments": [
				0,
				0,
				0,
				2.533,
				0
			]
		},
		{
			"Target": "Parameter",
			"Id": "ParamHairBack",
			"Segments": [
				0,
				0,
				0,
				2.533,
				0
			]
		},
		{
			"Target": "PartOpacity",
			"Id": "Part01Core",
			"Segments": [
				0,
				1,
				2,
				2.5,
				1,
				0,
				2.533,
				1
			]
		},
		{
			"Target": "PartOpacity",
			"Id": "Part01Hoho001",
			"Segments": [
				0,
				1,
				2,
				2.5,
				1,
				0,
				2.533,
				1
			]
		},
		{
			"Target": "PartOpacity",
			"Id": "Part01Brow001",
			"Segments": [
				0,
				1,
				2,
				2.5,
				1,
				0,
				2.533,
				1
			]
		},
		{
			"Target": "PartOpacity",
			"Id": "Part01Tear",
			"Segments": [
				0,
				1,
				2,
				2.5,
				1,
				0,
				2.533,
				1
			]
		},
		{
			"Target": "PartOpacity",
			"Id": "Part01EyeBall001",
			"Segments": [
				0,
				1,
				2,
				2.5,
				1,
				0,
				2.533,
				1
			]
		},
		{
			"Target": "PartOpacity",
			"Id": "Part01Eye001",
			"Segments": [
				0,
				1,
				2,
				2.5,
				1,
				0,
				2.533,
				1
			]
		},
		{
			"Target": "PartOpacity",
			"Id": "Part01Nose001",
			"Segments": [
				0,
				1,
				2,
				2.5,
				1,
				0,
				2.533,
				1
			]
		},
		{
			"Target": "PartOpacity",
			"Id": "Part01Mouth001",
			"Segments": [
				0,
				1,
				2,
				2.5,
				1,
				0,
				2.533,
				1
			]
		},
		{
			"Target": "PartOpacity",
			"Id": "Part01Face001",
			"Segments": [
				0,
				1,
				2,
				2.5,
				1,
				0,
				2.533,
				1
			]
		},
		{
			"Target": "PartOpacity",
			"Id": "Part01Ear001",
			"Segments": [
				0,
				1,
				2,
				2.5,
				1,
				0,
				2.533,
				1
			]
		},
		{
			"Target": "PartOpacity",
			"Id": "Part01Neck001",
			"Segments": [
				0,
				1,
				2,
				2.5,
				1,
				0,
				2.533,
				1
			]
		},
		{
			"Target": "PartOpacity",
			"Id": "Part01HairFront001",
			"Segments": [
				0,
				1,
				2,
				2.5,
				1,
				0,
				2.533,
				1
			]
		},
		{
			"Target": "PartOpacity",
			"Id": "Part01HairSide001",
			"Segments": [
				0,
				1,
				2,
				2.5,
				1,
				0,
				2.533,
				1
			]
		},
		{
			"Target": "PartOpacity",
			"Id": "Part01HairBack001",
			"Segments": [
				0,
				1,
				2,
				2.5,
				1,
				0,
				2.533,
				1
			]
		},
		{
			"Target": "PartOpacity",
			"Id": "Part01ArmRB001",
			"Segments": [
				0,
				0,
				2,
				2.5,
				0,
				0,
				2.533,
				0
			]
		},
		{
			"Target": "PartOpacity",
			"Id": "Part01ArmLB001",
			"Segments": [
				0,
				0,
				2,
				2.5,
				0,
				0,
				2.533,
				0
			]
		},
		{
			"Target": "PartOpacity",
			"Id": "Part01ArmRA001",
			"Segments": [
				0,
				1,
				2,
				2.5,
				1,
				0,
				2.533,
				1
			]
		},
		{
			"Target": "PartOpacity",
			"Id": "Part01ArmLA001",
			"Segments": [
				0,
				1,
				2,
				2.5,
				1,
				0,
				2.533,
				1
			]
		},
		{
			"Target": "PartOpacity",
			"Id": "Part01Body001",
			"Segments": [
				0,
				1,
				2,
				2.5,
				1,
				0,
				2.533,
				1
			]
		},
		{
			"Target": "PartOpacity",
			"Id": "Part01Sketch",
			"Segments": [
				0,
				0,
				2,
				2.5,
				0,
				0,
				2.533,
				0
			]
		}
	]
}