{
	"Version": 3,
	"Meta": {
		"Duration": 3.933,
		"Fps": 30.0,
		"Loop": true,
		"AreBeziersRestricted": true,
		"CurveCount": 65,
		"TotalSegmentCount": 189,
		"TotalPointCount": 462,
		"UserDataCount": 0,
		"TotalUserDataSize": 0
	},
	"Curves": [
		{
			"Target": "Model",
			"Id": "Opacity",
			"Segments": [
				0,
				1,
				1,
				1.3,
				1,
				2.6,
				1,
				3.9,
				1,
				0,
				3.933,
				1
			]
		},
		{
			"Target": "Model",
			"Id": "EyeBlink",
			"Segments": [
				0,
				1,
				0,
				3.933,
				1
			]
		},
		{
			"Target": "Model",
			"Id": "LipSync",
			"Segments": [
				0,
				0,
				0,
				3.933,
				0
			]
		},
		{
			"Target": "Parameter",
			"Id": "ParamAngleX",
			"Segments": [
				0,
				0,
				1,
				0.467,
				0,
				0.933,
				9.534,
				1.4,
				14,
				1,
				1.567,
				15.595,
				1.733,
				15,
				1.9,
				15,
				1,
				2.289,
				15,
				2.678,
				0,
				3.067,
				0,
				1,
				3.344,
				0,
				3.622,
				0,
				3.9,
				0,
				0,
				3.933,
				0
			]
		},
		{
			"Target": "Parameter",
			"Id": "ParamAngleY",
			"Segments": [
				0,
				0,
				1,
				0.244,
				0,
				0.489,
				0.061,
				0.733,
				-1,
				1,
				0.9,
				-1.723,
				1.067,
				-13,
				1.233,
				-13,
				1,
				1.422,
				-13,
				1.611,
				5,
				1.8,
				5,
				1,
				2.189,
				5,
				2.578,
				0,
				2.967,
				0,
				1,
				3.278,
				0,
				3.589,
				0,
				3.9,
				0,
				0,
				3.933,
				0
			]
		},
		{
			"Target": "Parameter",
			"Id": "ParamAngleZ",
			"Segments": [
				0,
				0,
				1,
				0.367,
				0,
				0.733,
				-18,
				1.1,
				-18,
				1,
				1.4,
				-18,
				1.7,
				-18,
				2,
				-18,
				1,
				2.3,
				-18,
				2.6,
				18,
				2.9,
				18,
				1,
				3.233,
				18,
				3.567,
				18,
				3.9,
				18,
				0,
				3.933,
				18
			]
		},
		{
			"Target": "Parameter",
			"Id": "ParamTere",
			"Segments": [
				0,
				0,
				1,
				1.3,
				0,
				2.6,
				0,
				3.9,
				0,
				0,
				3.933,
				0
			]
		},
		{
			"Target": "Parameter",
			"Id": "ParamFaceForm",
			"Segments": [
				0,
				0,
				1,
				1.3,
				0,
				2.6,
				0,
				3.9,
				0,
				0,
				3.933,
				0
			]
		},
		{
			"Target": "Parameter",
			"Id": "ParamEyeLOpen",
			"Segments": [
				0,
				1,
				1,
				0.344,
				1,
				0.689,
				1,
				1.033,
				1,
				1,
				1.078,
				1,
				1.122,
				0,
				1.167,
				0,
				1,
				1.222,
				0,
				1.278,
				0,
				1.333,
				0,
				1,
				1.411,
				0,
				1.489,
				1,
				1.567,
				1,
				1,
				2.344,
				1,
				3.122,
				1,
				3.9,
				1,
				0,
				3.933,
				1
			]
		},
		{
			"Target": "Parameter",
			"Id": "ParamEyeLSmile",
			"Segments": [
				0,
				0,
				1,
				1.3,
				0,
				2.6,
				0,
				3.9,
				0,
				0,
				3.933,
				0
			]
		},
		{
			"Target": "Parameter",
			"Id": "ParamEyeROpen",
			"Segments": [
				0,
				1,
				1,
				0.344,
				1,
				0.689,
				1,
				1.033,
				1,
				1,
				1.078,
				1,
				1.122,
				0,
				1.167,
				0,
				1,
				1.222,
				0,
				1.278,
				0,
				1.333,
				0,
				1,
				1.411,
				0,
				1.489,
				1,
				1.567,
				1,
				1,
				2.344,
				1,
				3.122,
				1,
				3.9,
				1,
				0,
				3.933,
				1
			]
		},
		{
			"Target": "Parameter",
			"Id": "ParamEyeRSmile",
			"Segments": [
				0,
				0,
				1,
				1.3,
				0,
				2.6,
				0,
				3.9,
				0,
				0,
				3.933,
				0
			]
		},
		{
			"Target": "Parameter",
			"Id": "ParamEyeForm",
			"Segments": [
				0,
				0,
				1,
				1.3,
				0,
				2.6,
				0,
				3.9,
				0,
				0,
				3.933,
				0
			]
		},
		{
			"Target": "Parameter",
			"Id": "ParamEyeBallForm",
			"Segments": [
				0,
				0,
				1,
				1.3,
				0,
				2.6,
				0,
				3.9,
				0,
				0,
				3.933,
				0
			]
		},
		{
			"Target": "Parameter",
			"Id": "ParamTear",
			"Segments": [
				0,
				0,
				1,
				1.3,
				0,
				2.6,
				0,
				3.9,
				0,
				0,
				3.933,
				0
			]
		},
		{
			"Target": "Parameter",
			"Id": "ParamEyeBallX",
			"Segments": [
				0,
				0,
				1,
				0.3,
				0,
				0.6,
				-0.27,
				0.9,
				-0.27,
				1,
				0.989,
				-0.27,
				1.078,
				-0.27,
				1.167,
				-0.27,
				1,
				1.2,
				-0.27,
				1.233,
				0.37,
				1.267,
				0.37,
				1,
				1.378,
				0.37,
				1.489,
				0.37,
				1.6,
				0.37,
				1,
				1.944,
				0.37,
				2.289,
				0,
				2.633,
				0,
				1,
				3.056,
				0,
				3.478,
				0,
				3.9,
				0,
				0,
				3.933,
				0
			]
		},
		{
			"Target": "Parameter",
			"Id": "ParamEyeBallY",
			"Segments": [
				0,
				0,
				1,
				0.3,
				0,
				0.6,
				0.58,
				0.9,
				0.58,
				1,
				0.989,
				0.58,
				1.078,
				0.58,
				1.167,
				0.58,
				1,
				1.2,
				0.58,
				1.233,
				0.29,
				1.267,
				0.29,
				1,
				1.378,
				0.29,
				1.489,
				0.29,
				1.6,
				0.29,
				1,
				1.944,
				0.29,
				2.289,
				0,
				2.633,
				0,
				1,
				3.056,
				0,
				3.478,
				0,
				3.9,
				0,
				0,
				3.933,
				0
			]
		},
		{
			"Target": "Parameter",
			"Id": "ParamBrowLY",
			"Segments": [
				0,
				0,
				1,
				1.3,
				0,
				2.6,
				0,
				3.9,
				0,
				0,
				3.933,
				0
			]
		},
		{
			"Target": "Parameter",
			"Id": "ParamBrowRY",
			"Segments": [
				0,
				0,
				1,
				1.3,
				0,
				2.6,
				0,
				3.9,
				0,
				0,
				3.933,
				0
			]
		},
		{
			"Target": "Parameter",
			"Id": "ParamBrowLX",
			"Segments": [
				0,
				0,
				1,
				1.3,
				0,
				2.6,
				0,
				3.9,
				0,
				0,
				3.933,
				0
			]
		},
		{
			"Target": "Parameter",
			"Id": "ParamBrowRX",
			"Segments": [
				0,
				0,
				1,
				1.3,
				0,
				2.6,
				0,
				3.9,
				0,
				0,
				3.933,
				0
			]
		},
		{
			"Target": "Parameter",
			"Id": "ParamBrowLAngle",
			"Segments": [
				0,
				0,
				1,
				1.3,
				0,
				2.6,
				0,
				3.9,
				0,
				0,
				3.933,
				0
			]
		},
		{
			"Target": "Parameter",
			"Id": "ParamBrowRAngle",
			"Segments": [
				0,
				0,
				1,
				1.3,
				0,
				2.6,
				0,
				3.9,
				0,
				0,
				3.933,
				0
			]
		},
		{
			"Target": "Parameter",
			"Id": "ParamBrowLForm",
			"Segments": [
				0,
				0,
				1,
				1.3,
				0,
				2.6,
				0,
				3.9,
				0,
				0,
				3.933,
				0
			]
		},
		{
			"Target": "Parameter",
			"Id": "ParamBrowRForm",
			"Segments": [
				0,
				0,
				1,
				1.3,
				0,
				2.6,
				0,
				3.9,
				0,
				0,
				3.933,
				0
			]
		},
		{
			"Target": "Parameter",
			"Id": "ParamMouthForm",
			"Segments": [
				0,
				1,
				1,
				1.3,
				1,
				2.6,
				1,
				3.9,
				1,
				0,
				3.933,
				1
			]
		},
		{
			"Target": "Parameter",
			"Id": "ParamMouthOpenY",
			"Segments": [
				0,
				0,
				1,
				1.3,
				0,
				2.6,
				0,
				3.9,
				0,
				0,
				3.933,
				0
			]
		},
		{
			"Target": "Parameter",
			"Id": "ParamScarf",
			"Segments": [
				0,
				0,
				1,
				1.3,
				0,
				2.6,
				0,
				3.9,
				0,
				0,
				3.933,
				0
			]
		},
		{
			"Target": "Parameter",
			"Id": "ParamBodyAngleX",
			"Segments": [
				0,
				0,
				1,
				0.533,
				0,
				1.067,
				-7,
				1.6,
				-7,
				1,
				2.056,
				-7,
				2.511,
				4,
				2.967,
				4,
				1,
				3.278,
				4,
				3.589,
				0,
				3.9,
				0,
				0,
				3.933,
				0
			]
		},
		{
			"Target": "Parameter",
			"Id": "ParamBodyAngleY",
			"Segments": [
				0,
				0,
				1,
				1.3,
				0,
				2.6,
				0,
				3.9,
				0,
				0,
				3.933,
				0
			]
		},
		{
			"Target": "Parameter",
			"Id": "ParamBodyAngleZ",
			"Segments": [
				0,
				0,
				1,
				0.578,
				0,
				1.156,
				-10,
				1.733,
				-10,
				1,
				2.1,
				-10,
				2.467,
				-7.702,
				2.833,
				-4,
				1,
				3.122,
				-1.083,
				3.411,
				0,
				3.7,
				0,
				1,
				3.767,
				0,
				3.833,
				0,
				3.9,
				0,
				0,
				3.933,
				0
			]
		},
		{
			"Target": "Parameter",
			"Id": "ParamBodyUpper",
			"Segments": [
				0,
				0,
				1,
				1.3,
				0,
				2.6,
				0,
				3.9,
				0,
				0,
				3.933,
				0
			]
		},
		{
			"Target": "Parameter",
			"Id": "ParamBreath",
			"Segments": [
				0,
				0,
				1,
				1.3,
				0,
				2.6,
				0,
				3.9,
				0,
				0,
				3.933,
				0
			]
		},
		{
			"Target": "Parameter",
			"Id": "ParamBustY",
			"Segments": [
				0,
				0,
				1,
				1.3,
				0,
				2.6,
				0,
				3.9,
				0,
				0,
				3.933,
				0
			]
		},
		{
			"Target": "Parameter",
			"Id": "ParamArmLA",
			"Segments": [
				0,
				0.5,
				1,
				0.156,
				0.5,
				0.311,
				0.734,
				0.467,
				0.76,
				1,
				1.533,
				0.94,
				2.6,
				1,
				3.667,
				1,
				1,
				3.744,
				1,
				3.822,
				0.5,
				3.9,
				0.5,
				0,
				3.933,
				0.5
			]
		},
		{
			"Target": "Parameter",
			"Id": "ParamArmRA",
			"Segments": [
				0,
				0.5,
				1,
				0.156,
				0.5,
				0.311,
				0.734,
				0.467,
				0.76,
				1,
				1.533,
				0.94,
				2.6,
				1,
				3.667,
				1,
				1,
				3.744,
				1,
				3.822,
				0.5,
				3.9,
				0.5,
				0,
				3.933,
				0.5
			]
		},
		{
			"Target": "Parameter",
			"Id": "ParamArmLB",
			"Segments": [
				0,
				2.5,
				1,
				0.133,
				2.5,
				0.267,
				2.3,
				0.4,
				2.3,
				1,
				0.567,
				2.3,
				0.733,
				2.42,
				0.9,
				2.9,
				1,
				1.067,
				3.38,
				1.233,
				3.8,
				1.4,
				3.8,
				1,
				1.556,
				3.8,
				1.711,
				3.857,
				1.867,
				3.7,
				1,
				2.356,
				3.207,
				2.844,
				2.4,
				3.333,
				2.4,
				1,
				3.522,
				2.4,
				3.711,
				2.5,
				3.9,
				2.5,
				0,
				3.933,
				2.5
			]
		},
		{
			"Target": "Parameter",
			"Id": "ParamArmRB",
			"Segments": [
				0,
				3.5,
				1,
				0.133,
				3.5,
				0.267,
				3.1,
				0.4,
				3.1,
				1,
				0.733,
				3.1,
				1.067,
				5,
				1.4,
				5,
				1,
				1.522,
				5,
				1.644,
				5,
				1.767,
				5,
				1,
				2,
				5,
				2.233,
				4.5,
				2.467,
				4.5,
				1,
				2.944,
				4.5,
				3.422,
				4.5,
				3.9,
				4.5,
				0,
				3.933,
				4.5
			]
		},
		{
			"Target": "Parameter",
			"Id": "ParamHandChangeR",
			"Segments": [
				0,
				0,
				1,
				1.3,
				0,
				2.6,
				0,
				3.9,
				0,
				0,
				3.933,
				0
			]
		},
		{
			"Target": "Parameter",
			"Id": "ParamHandAngleR",
			"Segments": [
				0,
				0,
				1,
				0.089,
				0,
				0.178,
				-0.42,
				0.267,
				-0.42,
				1,
				0.344,
				-0.42,
				0.422,
				0.35,
				0.5,
				0.35,
				1,
				0.833,
				0.35,
				1.167,
				0,
				1.5,
				0,
				1,
				1.622,
				0,
				1.744,
				0.36,
				1.867,
				0.36,
				1,
				2.111,
				0.36,
				2.356,
				-1,
				2.6,
				-1,
				1,
				2.867,
				-1,
				3.133,
				-0.92,
				3.4,
				-0.92,
				1,
				3.567,
				-0.92,
				3.733,
				-0.92,
				3.9,
				-0.92,
				0,
				3.933,
				-0.92
			]
		},
		{
			"Target": "Parameter",
			"Id": "ParamHandDhangeL",
			"Segments": [
				0,
				0.5,
				1,
				0.278,
				0.5,
				0.556,
				0.5,
				0.833,
				0.5,
				1,
				0.9,
				0.5,
				0.967,
				0,
				1.033,
				0,
				1,
				1.989,
				0,
				2.944,
				0,
				3.9,
				0,
				0,
				3.933,
				0
			]
		},
		{
			"Target": "Parameter",
			"Id": "ParamHandAngleL",
			"Segments": [
				0,
				0,
				1,
				0.089,
				0,
				0.178,
				-0.39,
				0.267,
				-0.39,
				1,
				0.344,
				-0.39,
				0.422,
				-0.33,
				0.5,
				-0.33,
				1,
				0.656,
				-0.33,
				0.811,
				-0.68,
				0.967,
				-0.68,
				1,
				1.222,
				-0.68,
				1.478,
				0.36,
				1.733,
				0.36,
				1,
				1.933,
				0.36,
				2.133,
				0.36,
				2.333,
				0.36,
				1,
				2.422,
				0.36,
				2.511,
				-0.26,
				2.6,
				-0.26,
				1,
				2.767,
				-0.26,
				2.933,
				-0.26,
				3.1,
				-0.26,
				1,
				3.367,
				-0.26,
				3.633,
				-0.26,
				3.9,
				-0.26,
				0,
				3.933,
				-0.26
			]
		},
		{
			"Target": "Parameter",
			"Id": "ParamHairFront",
			"Segments": [
				0,
				0,
				1,
				1.3,
				0,
				2.6,
				0,
				3.9,
				0,
				0,
				3.933,
				0
			]
		},
		{
			"Target": "Parameter",
			"Id": "ParamHairSide",
			"Segments": [
				0,
				0,
				1,
				1.3,
				0,
				2.6,
				0,
				3.9,
				0,
				0,
				3.933,
				0
			]
		},
		{
			"Target": "Parameter",
			"Id": "ParamHairBack",
			"Segments": [
				0,
				0,
				1,
				1.3,
				0,
				2.6,
				0,
				3.9,
				0,
				0,
				3.933,
				0
			]
		},
		{
			"Target": "PartOpacity",
			"Id": "Part01Core",
			"Segments": [
				0,
				1,
				2,
				3.9,
				1,
				0,
				3.933,
				1
			]
		},
		{
			"Target": "PartOpacity",
			"Id": "Part01Hoho001",
			"Segments": [
				0,
				1,
				2,
				3.9,
				1,
				0,
				3.933,
				1
			]
		},
		{
			"Target": "PartOpacity",
			"Id": "Part01Brow001",
			"Segments": [
				0,
				1,
				2,
				3.9,
				1,
				0,
				3.933,
				1
			]
		},
		{
			"Target": "PartOpacity",
			"Id": "Part01Tear",
			"Segments": [
				0,
				1,
				2,
				3.9,
				1,
				0,
				3.933,
				1
			]
		},
		{
			"Target": "PartOpacity",
			"Id": "Part01EyeBall001",
			"Segments": [
				0,
				1,
				2,
				3.9,
				1,
				0,
				3.933,
				1
			]
		},
		{
			"Target": "PartOpacity",
			"Id": "Part01Eye001",
			"Segments": [
				0,
				1,
				2,
				3.9,
				1,
				0,
				3.933,
				1
			]
		},
		{
			"Target": "PartOpacity",
			"Id": "Part01Nose001",
			"Segments": [
				0,
				1,
				2,
				3.9,
				1,
				0,
				3.933,
				1
			]
		},
		{
			"Target": "PartOpacity",
			"Id": "Part01Mouth001",
			"Segments": [
				0,
				1,
				2,
				3.9,
				1,
				0,
				3.933,
				1
			]
		},
		{
			"Target": "PartOpacity",
			"Id": "Part01Face001",
			"Segments": [
				0,
				1,
				2,
				3.9,
				1,
				0,
				3.933,
				1
			]
		},
		{
			"Target": "PartOpacity",
			"Id": "Part01Ear001",
			"Segments": [
				0,
				1,
				2,
				3.9,
				1,
				0,
				3.933,
				1
			]
		},
		{
			"Target": "PartOpacity",
			"Id": "Part01Neck001",
			"Segments": [
				0,
				1,
				2,
				3.9,
				1,
				0,
				3.933,
				1
			]
		},
		{
			"Target": "PartOpacity",
			"Id": "Part01HairFront001",
			"Segments": [
				0,
				1,
				2,
				3.9,
				1,
				0,
				3.933,
				1
			]
		},
		{
			"Target": "PartOpacity",
			"Id": "Part01HairSide001",
			"Segments": [
				0,
				1,
				2,
				3.9,
				1,
				0,
				3.933,
				1
			]
		},
		{
			"Target": "PartOpacity",
			"Id": "Part01HairBack001",
			"Segments": [
				0,
				1,
				2,
				3.9,
				1,
				0,
				3.933,
				1
			]
		},
		{
			"Target": "PartOpacity",
			"Id": "Part01ArmRB001",
			"Segments": [
				0,
				1,
				2,
				3.9,
				1,
				0,
				3.933,
				1
			]
		},
		{
			"Target": "PartOpacity",
			"Id": "Part01ArmLB001",
			"Segments": [
				0,
				1,
				2,
				3.9,
				1,
				0,
				3.933,
				1
			]
		},
		{
			"Target": "PartOpacity",
			"Id": "Part01ArmRA001",
			"Segments": [
				0,
				0,
				2,
				3.9,
				0,
				0,
				3.933,
				0
			]
		},
		{
			"Target": "PartOpacity",
			"Id": "Part01ArmLA001",
			"Segments": [
				0,
				0,
				2,
				3.9,
				0,
				0,
				3.933,
				0
			]
		},
		{
			"Target": "PartOpacity",
			"Id": "Part01Body001",
			"Segments": [
				0,
				1,
				2,
				3.9,
				1,
				0,
				3.933,
				1
			]
		},
		{
			"Target": "PartOpacity",
			"Id": "Part01Sketch",
			"Segments": [
				0,
				0,
				2,
				3.9,
				0,
				0,
				3.933,
				0
			]
		}
	]
}