{
	"Version": 3,
	"Meta": {
		"Duration": 4.6,
		"Fps": 30.0,
		"Loop": true,
		"AreBeziersRestricted": true,
		"CurveCount": 65,
		"TotalSegmentCount": 201,
		"TotalPointCount": 498,
		"UserDataCount": 0,
		"TotalUserDataSize": 0
	},
	"Curves": [
		{
			"Target": "Model",
			"Id": "Opacity",
			"Segments": [
				0,
				1,
				1,
				1.522,
				1,
				3.044,
				1,
				4.567,
				1,
				0,
				4.6,
				1
			]
		},
		{
			"Target": "Model",
			"Id": "EyeBlink",
			"Segments": [
				0,
				1,
				0,
				4.6,
				1
			]
		},
		{
			"Target": "Model",
			"Id": "LipSync",
			"Segments": [
				0,
				0,
				0,
				4.6,
				0
			]
		},
		{
			"Target": "Parameter",
			"Id": "ParamAngleX",
			"Segments": [
				0,
				0,
				1,
				0.167,
				0,
				0.333,
				0,
				0.5,
				0,
				1,
				0.556,
				0,
				0.611,
				0,
				0.667,
				0,
				1,
				0.756,
				0,
				0.844,
				0,
				0.933,
				0,
				1,
				1.022,
				0,
				1.111,
				0,
				1.2,
				0,
				1,
				1.322,
				0,
				1.444,
				0,
				1.567,
				0,
				1,
				1.733,
				0,
				1.9,
				0,
				2.067,
				0,
				1,
				2.156,
				0,
				2.244,
				0,
				2.333,
				0,
				1,
				2.7,
				0,
				3.067,
				3,
				3.433,
				3,
				1,
				3.589,
				3,
				3.744,
				0,
				3.9,
				0,
				1,
				4.122,
				0,
				4.344,
				0,
				4.567,
				0,
				0,
				4.6,
				0
			]
		},
		{
			"Target": "Parameter",
			"Id": "ParamAngleY",
			"Segments": [
				0,
				0,
				1,
				0.167,
				0,
				0.333,
				0,
				0.5,
				0,
				1,
				0.556,
				0,
				0.611,
				10,
				0.667,
				10,
				1,
				0.756,
				10,
				0.844,
				-19.633,
				0.933,
				-25,
				1,
				1.022,
				-30.367,
				1.111,
				-30,
				1.2,
				-30,
				1,
				1.322,
				-30,
				1.444,
				-30,
				1.567,
				-30,
				1,
				1.733,
				-30,
				1.9,
				5,
				2.067,
				5,
				1,
				2.156,
				5,
				2.244,
				0.198,
				2.333,
				0,
				1,
				2.7,
				-0.815,
				3.067,
				-1,
				3.433,
				-1,
				1,
				3.589,
				-1,
				3.744,
				0,
				3.9,
				0,
				1,
				4.122,
				0,
				4.344,
				0,
				4.567,
				0,
				0,
				4.6,
				0
			]
		},
		{
			"Target": "Parameter",
			"Id": "ParamAngleZ",
			"Segments": [
				0,
				0,
				1,
				0.933,
				0,
				1.867,
				0,
				2.8,
				0,
				1,
				2.978,
				0,
				3.156,
				30,
				3.333,
				30,
				1,
				3.5,
				30,
				3.667,
				-1,
				3.833,
				-1,
				1,
				3.922,
				-1,
				4.011,
				0,
				4.1,
				0,
				1,
				4.256,
				0,
				4.411,
				0,
				4.567,
				0,
				0,
				4.6,
				0
			]
		},
		{
			"Target": "Parameter",
			"Id": "ParamTere",
			"Segments": [
				0,
				0,
				1,
				1.522,
				0,
				3.044,
				0,
				4.567,
				0,
				0,
				4.6,
				0
			]
		},
		{
			"Target": "Parameter",
			"Id": "ParamFaceForm",
			"Segments": [
				0,
				0,
				1,
				1.522,
				0,
				3.044,
				0,
				4.567,
				0,
				0,
				4.6,
				0
			]
		},
		{
			"Target": "Parameter",
			"Id": "ParamEyeLOpen",
			"Segments": [
				0,
				1,
				1,
				0.222,
				1,
				0.444,
				1,
				0.667,
				1,
				1,
				0.756,
				1,
				0.844,
				1,
				0.933,
				1,
				1,
				0.978,
				1,
				1.022,
				0,
				1.067,
				0,
				1,
				1.233,
				0,
				1.4,
				0,
				1.567,
				0,
				1,
				1.744,
				0,
				1.922,
				1,
				2.1,
				1,
				1,
				2.333,
				1,
				2.567,
				1,
				2.8,
				1,
				1,
				2.978,
				1,
				3.156,
				0.87,
				3.333,
				0.87,
				1,
				3.456,
				0.87,
				3.578,
				1,
				3.7,
				1,
				1,
				3.989,
				1,
				4.278,
				1,
				4.567,
				1,
				0,
				4.6,
				1
			]
		},
		{
			"Target": "Parameter",
			"Id": "ParamEyeLSmile",
			"Segments": [
				0,
				0,
				1,
				1.522,
				0,
				3.044,
				0,
				4.567,
				0,
				0,
				4.6,
				0
			]
		},
		{
			"Target": "Parameter",
			"Id": "ParamEyeROpen",
			"Segments": [
				0,
				1,
				1,
				0.222,
				1,
				0.444,
				1,
				0.667,
				1,
				1,
				0.756,
				1,
				0.844,
				1,
				0.933,
				1,
				1,
				0.978,
				1,
				1.022,
				0,
				1.067,
				0,
				1,
				1.233,
				0,
				1.4,
				0,
				1.567,
				0,
				1,
				1.744,
				0,
				1.922,
				1,
				2.1,
				1,
				1,
				2.333,
				1,
				2.567,
				1,
				2.8,
				1,
				1,
				2.978,
				1,
				3.156,
				0.87,
				3.333,
				0.87,
				1,
				3.456,
				0.87,
				3.578,
				1,
				3.7,
				1,
				1,
				3.989,
				1,
				4.278,
				1,
				4.567,
				1,
				0,
				4.6,
				1
			]
		},
		{
			"Target": "Parameter",
			"Id": "ParamEyeRSmile",
			"Segments": [
				0,
				0,
				1,
				1.522,
				0,
				3.044,
				0,
				4.567,
				0,
				0,
				4.6,
				0
			]
		},
		{
			"Target": "Parameter",
			"Id": "ParamEyeForm",
			"Segments": [
				0,
				0,
				1,
				1.522,
				0,
				3.044,
				0,
				4.567,
				0,
				0,
				4.6,
				0
			]
		},
		{
			"Target": "Parameter",
			"Id": "ParamEyeBallForm",
			"Segments": [
				0,
				0,
				1,
				1.522,
				0,
				3.044,
				0,
				4.567,
				0,
				0,
				4.6,
				0
			]
		},
		{
			"Target": "Parameter",
			"Id": "ParamTear",
			"Segments": [
				0,
				0,
				1,
				1.522,
				0,
				3.044,
				0,
				4.567,
				0,
				0,
				4.6,
				0
			]
		},
		{
			"Target": "Parameter",
			"Id": "ParamEyeBallX",
			"Segments": [
				0,
				0,
				1,
				1.522,
				0,
				3.044,
				0,
				4.567,
				0,
				0,
				4.6,
				0
			]
		},
		{
			"Target": "Parameter",
			"Id": "ParamEyeBallY",
			"Segments": [
				0,
				0,
				1,
				1.522,
				0,
				3.044,
				0,
				4.567,
				0,
				0,
				4.6,
				0
			]
		},
		{
			"Target": "Parameter",
			"Id": "ParamBrowLY",
			"Segments": [
				0,
				0,
				1,
				0.311,
				0,
				0.622,
				0,
				0.933,
				0,
				1,
				0.978,
				0,
				1.022,
				-1,
				1.067,
				-1,
				1,
				1.233,
				-1,
				1.4,
				-1,
				1.567,
				-1,
				1,
				1.744,
				-1,
				1.922,
				0,
				2.1,
				0,
				1,
				2.333,
				0,
				2.567,
				0,
				2.8,
				0,
				1,
				2.978,
				0,
				3.156,
				-0.35,
				3.333,
				-0.35,
				1,
				3.5,
				-0.35,
				3.667,
				0,
				3.833,
				0,
				1,
				4.078,
				0,
				4.322,
				0,
				4.567,
				0,
				0,
				4.6,
				0
			]
		},
		{
			"Target": "Parameter",
			"Id": "ParamBrowRY",
			"Segments": [
				0,
				0,
				1,
				0.311,
				0,
				0.622,
				0,
				0.933,
				0,
				1,
				0.978,
				0,
				1.022,
				-1,
				1.067,
				-1,
				1,
				1.233,
				-1,
				1.4,
				-1,
				1.567,
				-1,
				1,
				1.744,
				-1,
				1.922,
				0,
				2.1,
				0,
				1,
				2.333,
				0,
				2.567,
				0,
				2.8,
				0,
				1,
				2.978,
				0,
				3.156,
				-0.35,
				3.333,
				-0.35,
				1,
				3.5,
				-0.35,
				3.667,
				0,
				3.833,
				0,
				1,
				4.078,
				0,
				4.322,
				0,
				4.567,
				0,
				0,
				4.6,
				0
			]
		},
		{
			"Target": "Parameter",
			"Id": "ParamBrowLX",
			"Segments": [
				0,
				0,
				1,
				1.522,
				0,
				3.044,
				0,
				4.567,
				0,
				0,
				4.6,
				0
			]
		},
		{
			"Target": "Parameter",
			"Id": "ParamBrowRX",
			"Segments": [
				0,
				0,
				1,
				1.522,
				0,
				3.044,
				0,
				4.567,
				0,
				0,
				4.6,
				0
			]
		},
		{
			"Target": "Parameter",
			"Id": "ParamBrowLAngle",
			"Segments": [
				0,
				0,
				1,
				1.522,
				0,
				3.044,
				0,
				4.567,
				0,
				0,
				4.6,
				0
			]
		},
		{
			"Target": "Parameter",
			"Id": "ParamBrowRAngle",
			"Segments": [
				0,
				0,
				1,
				1.522,
				0,
				3.044,
				0,
				4.567,
				0,
				0,
				4.6,
				0
			]
		},
		{
			"Target": "Parameter",
			"Id": "ParamBrowLForm",
			"Segments": [
				0,
				0,
				1,
				1.522,
				0,
				3.044,
				0,
				4.567,
				0,
				0,
				4.6,
				0
			]
		},
		{
			"Target": "Parameter",
			"Id": "ParamBrowRForm",
			"Segments": [
				0,
				0,
				1,
				1.522,
				0,
				3.044,
				0,
				4.567,
				0,
				0,
				4.6,
				0
			]
		},
		{
			"Target": "Parameter",
			"Id": "ParamMouthForm",
			"Segments": [
				0,
				1,
				1,
				1.522,
				1,
				3.044,
				1,
				4.567,
				1,
				0,
				4.6,
				1
			]
		},
		{
			"Target": "Parameter",
			"Id": "ParamMouthOpenY",
			"Segments": [
				0,
				0,
				1,
				1.522,
				0,
				3.044,
				0,
				4.567,
				0,
				0,
				4.6,
				0
			]
		},
		{
			"Target": "Parameter",
			"Id": "ParamScarf",
			"Segments": [
				0,
				0,
				1,
				1.522,
				0,
				3.044,
				0,
				4.567,
				0,
				0,
				4.6,
				0
			]
		},
		{
			"Target": "Parameter",
			"Id": "ParamBodyAngleX",
			"Segments": [
				0,
				0,
				1,
				1.522,
				0,
				3.044,
				0,
				4.567,
				0,
				0,
				4.6,
				0
			]
		},
		{
			"Target": "Parameter",
			"Id": "ParamBodyAngleY",
			"Segments": [
				0,
				0,
				1,
				0.178,
				0,
				0.356,
				0,
				0.533,
				0,
				1,
				0.689,
				0,
				0.844,
				-10,
				1,
				-10,
				1,
				1.189,
				-10,
				1.378,
				-10,
				1.567,
				-10,
				1,
				1.7,
				-10,
				1.833,
				0,
				1.967,
				0,
				1,
				2.133,
				0,
				2.3,
				0,
				2.467,
				0,
				1,
				3.167,
				0,
				3.867,
				0,
				4.567,
				0,
				0,
				4.6,
				0
			]
		},
		{
			"Target": "Parameter",
			"Id": "ParamBodyAngleZ",
			"Segments": [
				0,
				0,
				1,
				1.522,
				0,
				3.044,
				0,
				4.567,
				0,
				0,
				4.6,
				0
			]
		},
		{
			"Target": "Parameter",
			"Id": "ParamBodyUpper",
			"Segments": [
				0,
				0,
				1,
				0.178,
				0,
				0.356,
				0,
				0.533,
				0,
				1,
				0.689,
				0,
				0.844,
				8.088,
				1,
				9,
				1,
				1.189,
				10.108,
				1.378,
				10,
				1.567,
				10,
				1,
				1.7,
				10,
				1.833,
				0,
				1.967,
				0,
				1,
				2.133,
				0,
				2.3,
				2,
				2.467,
				2,
				1,
				2.611,
				2,
				2.756,
				0,
				2.9,
				0,
				1,
				3.456,
				0,
				4.011,
				0,
				4.567,
				0,
				0,
				4.6,
				0
			]
		},
		{
			"Target": "Parameter",
			"Id": "ParamBreath",
			"Segments": [
				0,
				0.91,
				1,
				0.678,
				0.91,
				1.356,
				0,
				2.033,
				0,
				1,
				2.422,
				0,
				2.811,
				1,
				3.2,
				1,
				1,
				3.656,
				1,
				4.111,
				1,
				4.567,
				1,
				0,
				4.6,
				1
			]
		},
		{
			"Target": "Parameter",
			"Id": "ParamBustY",
			"Segments": [
				0,
				0,
				1,
				1.522,
				0,
				3.044,
				0,
				4.567,
				0,
				0,
				4.6,
				0
			]
		},
		{
			"Target": "Parameter",
			"Id": "ParamArmLA",
			"Segments": [
				0,
				0.5,
				1,
				0.178,
				0.5,
				0.356,
				0.5,
				0.533,
				0.5,
				1,
				0.733,
				0.5,
				0.933,
				1,
				1.133,
				1,
				1,
				2.278,
				1,
				3.422,
				1,
				4.567,
				1,
				0,
				4.6,
				1
			]
		},
		{
			"Target": "Parameter",
			"Id": "ParamArmRA",
			"Segments": [
				0,
				0.5,
				1,
				0.178,
				0.5,
				0.356,
				0.5,
				0.533,
				0.5,
				1,
				0.733,
				0.5,
				0.933,
				1,
				1.133,
				1,
				1,
				2.278,
				1,
				3.422,
				1,
				4.567,
				1,
				0,
				4.6,
				1
			]
		},
		{
			"Target": "Parameter",
			"Id": "ParamArmLB",
			"Segments": [
				0,
				0,
				1,
				1.522,
				0,
				3.044,
				0,
				4.567,
				0,
				0,
				4.6,
				0
			]
		},
		{
			"Target": "Parameter",
			"Id": "ParamArmRB",
			"Segments": [
				0,
				0,
				1,
				1.522,
				0,
				3.044,
				0,
				4.567,
				0,
				0,
				4.6,
				0
			]
		},
		{
			"Target": "Parameter",
			"Id": "ParamHandChangeR",
			"Segments": [
				0,
				0,
				1,
				1.522,
				0,
				3.044,
				0,
				4.567,
				0,
				0,
				4.6,
				0
			]
		},
		{
			"Target": "Parameter",
			"Id": "ParamHandAngleR",
			"Segments": [
				0,
				0,
				1,
				0.333,
				0,
				0.667,
				0,
				1,
				0,
				1,
				1.078,
				0,
				1.156,
				0.19,
				1.233,
				0.19,
				1,
				2.344,
				0.19,
				3.456,
				0.19,
				4.567,
				0.19,
				0,
				4.6,
				0.19
			]
		},
		{
			"Target": "Parameter",
			"Id": "ParamHandDhangeL",
			"Segments": [
				0,
				0,
				1,
				1.522,
				0,
				3.044,
				0,
				4.567,
				0,
				0,
				4.6,
				0
			]
		},
		{
			"Target": "Parameter",
			"Id": "ParamHandAngleL",
			"Segments": [
				0,
				0,
				1,
				0.333,
				0,
				0.667,
				0,
				1,
				0,
				1,
				1.078,
				0,
				1.156,
				-0.17,
				1.233,
				-0.17,
				1,
				2.344,
				-0.17,
				3.456,
				-0.17,
				4.567,
				-0.17,
				0,
				4.6,
				-0.17
			]
		},
		{
			"Target": "Parameter",
			"Id": "ParamHairFront",
			"Segments": [
				0,
				0,
				1,
				1.522,
				0,
				3.044,
				0,
				4.567,
				0,
				0,
				4.6,
				0
			]
		},
		{
			"Target": "Parameter",
			"Id": "ParamHairSide",
			"Segments": [
				0,
				0,
				1,
				1.522,
				0,
				3.044,
				0,
				4.567,
				0,
				0,
				4.6,
				0
			]
		},
		{
			"Target": "Parameter",
			"Id": "ParamHairBack",
			"Segments": [
				0,
				0,
				1,
				1.522,
				0,
				3.044,
				0,
				4.567,
				0,
				0,
				4.6,
				0
			]
		},
		{
			"Target": "PartOpacity",
			"Id": "Part01Core",
			"Segments": [
				0,
				1,
				2,
				4.567,
				1,
				0,
				4.6,
				1
			]
		},
		{
			"Target": "PartOpacity",
			"Id": "Part01Hoho001",
			"Segments": [
				0,
				1,
				2,
				4.567,
				1,
				0,
				4.6,
				1
			]
		},
		{
			"Target": "PartOpacity",
			"Id": "Part01Brow001",
			"Segments": [
				0,
				1,
				2,
				4.567,
				1,
				0,
				4.6,
				1
			]
		},
		{
			"Target": "PartOpacity",
			"Id": "Part01Tear",
			"Segments": [
				0,
				1,
				2,
				4.567,
				1,
				0,
				4.6,
				1
			]
		},
		{
			"Target": "PartOpacity",
			"Id": "Part01EyeBall001",
			"Segments": [
				0,
				1,
				2,
				4.567,
				1,
				0,
				4.6,
				1
			]
		},
		{
			"Target": "PartOpacity",
			"Id": "Part01Eye001",
			"Segments": [
				0,
				1,
				2,
				4.567,
				1,
				0,
				4.6,
				1
			]
		},
		{
			"Target": "PartOpacity",
			"Id": "Part01Nose001",
			"Segments": [
				0,
				1,
				2,
				4.567,
				1,
				0,
				4.6,
				1
			]
		},
		{
			"Target": "PartOpacity",
			"Id": "Part01Mouth001",
			"Segments": [
				0,
				1,
				2,
				4.567,
				1,
				0,
				4.6,
				1
			]
		},
		{
			"Target": "PartOpacity",
			"Id": "Part01Face001",
			"Segments": [
				0,
				1,
				2,
				4.567,
				1,
				0,
				4.6,
				1
			]
		},
		{
			"Target": "PartOpacity",
			"Id": "Part01Ear001",
			"Segments": [
				0,
				1,
				2,
				4.567,
				1,
				0,
				4.6,
				1
			]
		},
		{
			"Target": "PartOpacity",
			"Id": "Part01Neck001",
			"Segments": [
				0,
				1,
				2,
				4.567,
				1,
				0,
				4.6,
				1
			]
		},
		{
			"Target": "PartOpacity",
			"Id": "Part01HairFront001",
			"Segments": [
				0,
				1,
				2,
				4.567,
				1,
				0,
				4.6,
				1
			]
		},
		{
			"Target": "PartOpacity",
			"Id": "Part01HairSide001",
			"Segments": [
				0,
				1,
				2,
				4.567,
				1,
				0,
				4.6,
				1
			]
		},
		{
			"Target": "PartOpacity",
			"Id": "Part01HairBack001",
			"Segments": [
				0,
				1,
				2,
				4.567,
				1,
				0,
				4.6,
				1
			]
		},
		{
			"Target": "PartOpacity",
			"Id": "Part01ArmRB001",
			"Segments": [
				0,
				0,
				2,
				4.567,
				0,
				0,
				4.6,
				0
			]
		},
		{
			"Target": "PartOpacity",
			"Id": "Part01ArmLB001",
			"Segments": [
				0,
				0,
				2,
				4.567,
				0,
				0,
				4.6,
				0
			]
		},
		{
			"Target": "PartOpacity",
			"Id": "Part01ArmRA001",
			"Segments": [
				0,
				1,
				2,
				4.567,
				1,
				0,
				4.6,
				1
			]
		},
		{
			"Target": "PartOpacity",
			"Id": "Part01ArmLA001",
			"Segments": [
				0,
				1,
				2,
				4.567,
				1,
				0,
				4.6,
				1
			]
		},
		{
			"Target": "PartOpacity",
			"Id": "Part01Body001",
			"Segments": [
				0,
				1,
				2,
				4.567,
				1,
				0,
				4.6,
				1
			]
		},
		{
			"Target": "PartOpacity",
			"Id": "Part01Sketch",
			"Segments": [
				0,
				0,
				2,
				4.567,
				0,
				0,
				4.6,
				0
			]
		}
	]
}